Epoch,Batch,Prediction,Loss,True Value
0,,[[-0.437  -0.3738 -0.2693 -0.2284]],0.5507319569587708,[[0. 1. 0. 0.]]
0,,[[-0.4424 -0.235  -0.1776 -0.1398]],0.44299331307411194,[[0. 1. 0. 0.]]
0,,[[-0.4414 -0.2063 -0.144  -0.1302]],0.4219273626804352,[[0. 1. 0. 0.]]
0,,[[-0.4773  -0.1868  -0.11865 -0.10675]],0.5606890916824341,[[1. 0. 0. 0.]]
0,,[[-0.4343 -0.2268 -0.1807 -0.1672]],0.43857526779174805,[[0. 1. 0. 0.]]
